{
  "iou": 0.7828263719876608,
  "pixel_accuracy": 0.9850639343261719,
  "coal_ratio_mae": 0.006791432698567708,
  "coal_ratio_rmse": 0.010260714372420274,
  "roc_auc": 0.9883061223372315,
  "pr_auc": 0.8718848757454536,
  "coal_ratios_pred": [
    0.0848541259765625,
    0.0706329345703125,
    0.0351104736328125,
    0.0407562255859375,
    0.00836181640625,
    0.0182037353515625,
    0.0399169921875,
    0.0467529296875,
    0.0425262451171875,
    0.0049896240234375,
    0.004791259765625,
    0.0280609130859375,
    0.0106964111328125,
    0.029632568359375,
    0.0201568603515625,
    0.0091400146484375,
    0.0397796630859375,
    0.022705078125,
    0.0327911376953125,
    0.026458740234375,
    0.019134521484375,
    0.0160064697265625,
    0.0139617919921875,
    0.012969970703125,
    0.0146331787109375,
    0.0491790771484375,
    0.06256103515625,
    0.0812530517578125,
    0.0819091796875,
    0.0602874755859375,
    0.0216522216796875,
    0.009124755859375,
    0.001708984375,
    0.0050201416015625,
    0.01446533203125,
    0.040771484375
  ],
  "coal_ratios_target": [
    0.079437255859375,
    0.07275390625,
    0.0128021240234375,
    0.0112457275390625,
    0.011871337890625,
    0.0232086181640625,
    0.036163330078125,
    0.050567626953125,
    0.0381927490234375,
    0.003936767578125,
    0.0105133056640625,
    0.0318450927734375,
    0.0250244140625,
    0.0284881591796875,
    0.0273590087890625,
    0.0107269287109375,
    0.033721923828125,
    0.0262451171875,
    0.0287322998046875,
    0.025970458984375,
    0.0155181884765625,
    0.016845703125,
    0.0139617919921875,
    0.012298583984375,
    0.0093841552734375,
    0.0284423828125,
    0.058990478515625,
    0.0501861572265625,
    0.0695037841796875,
    0.0463714599609375,
    0.020782470703125,
    0.012054443359375,
    0.0076904296875,
    0.012908935546875,
    0.0098419189453125,
    0.0421600341796875
  ]
}