{
  "test_accuracy": 0.6,
  "best_val_accuracy": 94.69835466179158,
  "classification_report": {
    "daisy": {
      "precision": 1.0,
      "recall": 0.3333333333333333,
      "f1-score": 0.5,
      "support": 6.0
    },
    "dandelion": {
      "precision": 0.5,
      "recall": 1.0,
      "f1-score": 0.6666666666666666,
      "support": 1.0
    },
    "roses": {
      "precision": 0.5,
      "recall": 1.0,
      "f1-score": 0.6666666666666666,
      "support": 1.0
    },
    "sunflowers": {
      "precision": 0.5,
      "recall": 1.0,
      "f1-score": 0.6666666666666666,
      "support": 1.0
    },
    "tulips": {
      "precision": 0.5,
      "recall": 1.0,
      "f1-score": 0.6666666666666666,
      "support": 1.0
    },
    "accuracy": 0.6,
    "macro avg": {
      "precision": 0.6,
      "recall": 0.8666666666666666,
      "f1-score": 0.6333333333333332,
      "support": 10.0
    },
    "weighted avg": {
      "precision": 0.8,
      "recall": 0.6,
      "f1-score": 0.5666666666666667,
      "support": 10.0
    }
  },
  "class_names": [
    "daisy",
    "dandelion",
    "roses",
    "sunflowers",
    "tulips"
  ],
  "timestamp": "2026-01-05T23:17:30.486268"
}